pantone_name;rgb_r;rgb_g;rgb_b;rgb;hex;cmyk_c;cmyk_m;cmyk_y;cmyk_k
Process Yellow;255;255;0;255,255,0;#FFFF00;0;0;100;0
100;255;255;125;255,255,125;#FFFF7D;0;0;51;0
101;255;255;54;255,255,54;#FFFF36;0;0;79;0
102;255;252;13;255,252,13;#FFFC0D;0;1;95;0
Pantone Yellow;255;252;0;255,252,0;#FFFC00;0;1;100;0
103;209;203;0;209,203,0;#D1CB00;0;3;100;18
104;179;173;0;179,173,0;#B3AD00;0;3;100;30
105;128;124;0;128,124,0;#807C00;0;3;100;50
106;255;250;79;255,250,79;#FFFA4F;0;2;69;0
107;255;245;54;255,245,54;#FFF536;0;4;79;0
108;255;240;13;255,240,13;#FFF00D;0;6;95;0
109;255;230;0;255,230,0;#FFE600;0;10;100;0
110;237;209;0;237,209,0;#EDD100;0;12;100;7
111;186;166;0;186,166,0;#BAA600;0;11;100;27
112;158;142;0;158,142,0;#9E8E00;0;10;100;38
113;255;237;87;255,237,87;#FFED57;0;7;66;0
114;255;235;69;255,235,69;#FFEB45;0;8;73;0
115;255;232;51;255,232,51;#FFE833;0;9;80;0
116;255;214;0;255,214,0;#FFD600;0;16;100;0
117;217;178;0;217,178,0;#D9B200;0;18;100;15
118;186;153;0;186,153,0;#BA9900;0;18;100;27
119;130;114;0;130,114,0;#827200;0;12;100;49
120;255;232;107;255,232,107;#FFE86B;0;9;58;0
1205;255;242;176;255,242,176;#FFF2B0;0;5;31;0
121;255;227;79;255,227,79;#FFE34F;0;11;69;0
1215;255;232;140;255,232,140;#FFE88C;0;9;45;0
122;255;212;51;255,212,51;#FFD433;0;17;80;0
1225;255;212;97;255,212,97;#FFD461;0;17;62;0
123;255;194;15;255,194,15;#FFC20F;0;24;94;0
1235;255;181;23;255,181,23;#FFB517;0;29;91;0
124;240;173;0;240,173,0;#F0AD00;0;28;100;6
1245;209;151;0;209,151,0;#D19700;0;28;100;18
125;189;140;0;189,140,0;#BD8C00;0;26;100;26
1255;168;123;0;168,123,0;#A87B00;0;27;100;34
126;161;120;0;161,120,0;#A17800;0;25;100;37
1265;125;91;0;125,91,0;#7D5B00;0;27;100;51
127;255;237;128;255,237,128;#FFED80;0;7;50;0
128;255;227;89;255,227,89;#FFE359;0;11;65;0
129;255;214;59;255,214,59;#FFD63B;0;16;77;0
130;255;179;0;255,179,0;#FFB300;0;30;100;0
131;232;158;0;232,158,0;#E89E00;0;32;100;9
132;179;129;0;179,129,0;#B38100;0;28;100;30
133;112;90;0;112,90,0;#705A00;0;20;100;56
134;255;227;140;255,227,140;#FFE38C;0;11;45;0
1345;255;219;135;255,219,135;#FFDB87;0;14;47;0
135;255;207;102;255,207,102;#FFCF66;0;19;60;0
1355;255;204;112;255,204,112;#FFCC70;0;20;56;0
136;255;186;61;255,186,61;#FFBA3D;0;27;76;0
1365;255;181;71;255,181,71;#FFB547;0;29;72;0
137;255;166;26;255,166,26;#FFA61A;0;35;90;0
1375;255;153;26;255,153,26;#FF991A;0;40;90;0
138;252;146;0;252,146,0;#FC9200;0;42;100;1
1385;237;133;0;237,133,0;#ED8500;0;44;100;7
139;196;124;0;196,124,0;#C47C00;0;37;100;23
1395;161;95;0;161,95,0;#A15F00;0;41;100;37
140;117;86;0;117,86,0;#755600;0;27;100;54
1405;94;60;0;94,60,0;#5E3C00;0;36;100;63
141;255;207;125;255,207,125;#FFCF7D;0;19;51;0
142;255;184;61;255,184,61;#FFB83D;0;28;76;0
143;255;166;38;255,166,38;#FFA626;0;35;85;0
144;255;133;0;255,133,0;#FF8500;0;48;100;0
145;235;124;0;235,124,0;#EB7C00;0;47;100;8
146;171;97;0;171,97,0;#AB6100;0;43;100;33
147;112;81;0;112,81,0;#705100;0;28;100;56
148;255;214;161;255,214,161;#FFD6A1;0;16;37;0
1485;255;186;117;255,186,117;#FFBA75;0;27;54;0
149;255;196;135;255,196,135;#FFC487;0;23;47;0
1495;255;171;84;255,171,84;#FFAB54;0;33;67;0
150;255;166;77;255,166,77;#FFA64D;0;35;70;0
1505;255;148;59;255,148,59;#FF943B;0;42;77;0
Orange 021;255;120;0;255,120,0;#FF7800;0;53;100;0
151;255;133;13;255,133,13;#FF850D;0;48;95;0
152;252;124;0;252,124,0;#FC7C00;0;51;100;1
1525;230;96;0;230,96,0;#E66000;0;58;100;10
153;209;113;0;209,113,0;#D17100;0;46;100;18
1535;158;74;0;158,74,0;#9E4A00;0;53;100;38
154;168;91;0;168,91,0;#A85B00;0;46;100;34
1545;71;34;0;71,34,0;#472200;0;53;100;72
155;255;224;184;255,224,184;#FFE0B8;0;12;28;0
1555;255;199;168;255,199,168;#FFC7A8;0;22;34;0
156;255;199;148;255,199,148;#FFC794;0;22;42;0
1565;255;168;130;255,168,130;#FFA882;0;34;49;0
157;255;145;77;255,145,77;#FF914D;0;43;70;0
1575;255;140;71;255,140,71;#FF8C47;0;45;72;0
158;255;99;8;255,99,8;#FF6308;0;61;97;0
1585;255;112;26;255,112,26;#FF701A;0;56;90;0
159;237;81;0;237,81,0;#ED5100;0;66;100;7
1595;242;99;0;242,99,0;#F26300;0;59;100;5
160;173;66;0;173,66,0;#AD4200;0;62;100;32
1605;179;79;0;179,79,0;#B34F00;0;56;100;30
161;92;44;0;92,44,0;#5C2C00;0;52;100;64
1615;145;64;0;145,64,0;#914000;0;56;100;43
162;255;217;199;255,217,199;#FFD9C7;0;15;22;0
1625;255;176;161;255,176,161;#FFB0A1;0;31;37;0
163;255;176;143;255,176,143;#FFB08F;0;31;44;0
1635;255;156;133;255,156,133;#FF9C85;0;39;48;0
164;255;138;69;255,138,69;#FF8A45;0;46;73;0
1645;255;130;87;255,130,87;#FF8257;0;49;66;0
165;255;105;10;255,105,10;#FF690A;0;59;96;0
1655;255;94;23;255,94,23;#FF5E17;0;63;91;0
166;255;92;0;255,92,0;#FF5C00;0;64;100;0
1665;255;82;0;255,82,0;#FF5200;0;68;100;0
167;212;85;0;212,85,0;#D45500;0;60;100;17
1675;184;61;0;184,61,0;#B83D00;0;67;100;28
168;105;45;0;105,45,0;#692D00;0;57;100;59
1685;143;46;0;143,46,0;#8F2E00;0;68;100;44
169;255;204;204;255,204,204;#FFCCCC;0;20;20;0
170;255;153;143;255,153,143;#FF998F;0;40;44;0
171;255;120;82;255,120,82;#FF7852;0;53;68;0
172;255;87;31;255,87,31;#FF571F;0;66;88;0
173;245;76;0;245,76,0;#F54C00;0;69;100;4
174;163;49;0;163,49,0;#A33100;0;70;100;36
175;102;36;0;102,36,0;#662400;0;65;100;60
176;255;191;209;255,191,209;#FFBFD1;0;25;18;0
1765;255;158;201;255,158,201;#FF9EC9;0;38;21;0
1767;255;186;224;255,186,224;#FFBAE0;0;27;12;0
177;255;140;153;255,140,153;#FF8C99;0;45;40;0
1775;255;135;181;255,135,181;#FF87B5;0;47;29;0
1777;255;107;163;255,107,163;#FF6BA3;0;58;36;0
178;255;105;112;255,105,112;#FF6970;0;59;56;0
Warm Red;255;64;26;255,64,26;#FF401A;0;75;90;0
1785;255;84;128;255,84,128;#FF5480;0;67;50;0
1787;255;61;102;255,61,102;#FF3D66;0;76;60;0
Red 032;255;26;36;255,26,36;#FF1A24;0;90;86;0
1788;255;41;31;255,41,31;#FF291F;0;84;88;0
179;255;54;0;255,54,0;#FF3600;0;79;100;0
1795;255;15;0;255,15,0;#FF0F00;0;94;100;0
1797;245;0;2;245,0,2;#F50002;0;100;99;4
180;227;48;0;227,48,0;#E33000;0;79;100;11
1805;196;18;0;196,18,0;#C41200;0;91;100;23
1807;184;0;7;184,0,7;#B80007;0;100;96;28
181;135;35;0;135,35,0;#872300;0;74;100;47
1815;125;12;0;125,12,0;#7D0C00;0;90;100;51
1817;87;9;0;87,9,0;#570900;0;90;100;66
182;255;189;230;255,189,230;#FFBDE6;0;26;10;0
183;255;138;201;255,138,201;#FF8AC9;0;46;21;0
184;255;82;150;255,82,150;#FF5296;0;68;41;0
185;255;23;61;255,23,61;#FF173D;0;91;76;0
186;245;0;47;245,0,47;#F5002F;0;100;81;4
187;204;0;43;204,0,43;#CC002B;0;100;79;20
188;128;4;0;128,4,0;#800400;0;97;100;50
189;255;161;230;255,161,230;#FFA1E6;0;37;10;0
1895;255;184;237;255,184,237;#FFB8ED;0;28;7;0
190;255;115;199;255,115,199;#FF73C7;0;55;22;0
1905;255;150;232;255,150,232;#FF96E8;0;41;9;0
191;255;61;158;255,61,158;#FF3D9E;0;76;38;0
1915;255;74;204;255,74,204;#FF4ACC;0;71;20;0
192;255;0;82;255,0,82;#FF0052;0;100;68;0
1925;255;0;115;255,0,115;#FF0073;0;100;55;0
193;222;0;75;222,0,75;#DE004B;0;100;66;13
1935;242;0;104;242,0,104;#F20068;0;100;57;5
194;171;0;62;171,0,62;#AB003E;0;100;64;33
1945;207;0;91;207,0,91;#CF005B;0;100;56;19
195;115;0;46;115,0,46;#73002E;0;100;60;55
1955;161;0;64;161,0,64;#A10040;0;100;60;37
196;255;191;245;255,191,245;#FFBFF5;0;25;4;0
197;255;140;230;255,140,230;#FF8CE6;0;45;10;0
198;255;56;171;255,56,171;#FF38AB;0;78;33;0
199;255;0;97;255,0,97;#FF0061;0;100;62;0
200;224;0;83;224,0,83;#E00053;0;100;63;12
201;181;0;67;181,0,67;#B50043;0;100;63;29
202;145;0;57;145,0,57;#910039;0;100;61;43
203;255;168;247;255,168,247;#FFA8F7;0;34;3;0
204;255;107;247;255,107,247;#FF6BF7;0;58;3;0
205;255;41;232;255,41,232;#FF29E8;0;84;9;0
206;247;0;153;247,0,153;#F70099;0;100;38;3
207;207;0;118;207,0,118;#CF0076;0;100;43;19
208;161;0;103;161,0,103;#A10067;0;100;36;37
209;120;0;79;120,0,79;#78004F;0;100;34;53
210;255;156;240;255,156,240;#FF9CF0;0;39;6;0
211;255;115;235;255,115,235;#FF73EB;0;55;8;0
212;255;71;227;255,71,227;#FF47E3;0;72;11;0
213;255;13;186;255,13,186;#FF0DBA;0;95;27;0
214;235;0;155;235,0,155;#EB009B;0;100;34;8
215;186;0;121;186,0,121;#BA0079;0;100;35;27
216;130;7;78;130,7,78;#82074E;0;95;40;49
217;255;184;255;255,184,255;#FFB8FF;0;28;0;0
218;250;99;255;250,99,255;#FA63FF;2;61;0;0
219;252;31;255;252,31,255;#FC1FFF;1;88;0;0
Rubine Red;245;0;208;245,0,208;#F500D0;0;100;15;4
220;212;0;184;212,0,184;#D400B8;0;100;13;17
221;179;0;152;179,0,152;#B30098;0;100;15;30
222;105;0;94;105,0,94;#69005E;0;100;10;59
223;255;138;255;255,138,255;#FF8AFF;0;46;0;0
224;252;94;255;252,94,255;#FC5EFF;1;63;0;0
225;252;43;255;252,43,255;#FC2BFF;1;83;0;0
226;255;0;255;255,0,255;#FF00FF;0;100;0;0
227;207;0;192;207,0,192;#CF00C0;0;100;7;19
228;150;0;144;150,0,144;#960090;0;100;4;41
229;102;0;87;102,0,87;#660057;0;100;15;60
230;255;168;255;255,168,255;#FFA8FF;0;34;0;0
231;252;122;255;252,122,255;#FC7AFF;1;52;0;0
232;247;84;255;247,84,255;#F754FF;3;67;0;0
Rhodamine Red;247;28;255;247,28,255;#F71CFF;3;89;0;0
233;227;0;255;227,0,255;#E300FF;11;100;0;0
234;177;0;189;177,0,189;#B100BD;6;100;0;26
235;145;0;153;145,0,153;#910099;5;100;0;40
236;252;179;255;252,179,255;#FCB3FF;1;30;0;0
2365;250;186;255;250,186,255;#FABAFF;2;27;0;0
237;247;130;255;247,130,255;#F782FF;3;49;0;0
2375;230;110;255;230,110,255;#E66EFF;10;57;0;0
238;240;94;255;240,94,255;#F05EFF;6;63;0;0
2385;207;54;255;207,54,255;#CF36FF;19;79;0;0
239;227;54;255;227,54,255;#E336FF;11;79;0;0
2395;186;13;255;186,13,255;#BA0DFF;27;95;0;0
240;209;15;255;209,15,255;#D10FFF;18;94;0;0
2405;168;0;255;168,0,255;#A800FF;34;100;0;0
241;182;0;250;182,0,250;#B600FA;27;100;0;2
2415;157;0;235;157,0,235;#9D00EB;33;100;0;8
242;117;0;130;117,0,130;#750082;10;100;0;49
2425;119;0;189;119,0,189;#7700BD;37;100;0;26
243;242;181;255;242,181,255;#F2B5FF;5;29;0;0
244;232;158;255;232,158,255;#E89EFF;9;38;0;0
245;219;120;255;219,120,255;#DB78FF;14;53;0;0
246;181;26;255;181,26,255;#B51AFF;29;90;0;0
247;163;0;255;163,0,255;#A300FF;36;100;0;0
248;150;0;250;150,0,250;#9600FA;40;100;0;2
249;110;0;184;110,0,184;#6E00B8;40;100;0;28
250;242;209;255;242,209,255;#F2D1FF;5;18;0;0
251;222;156;255;222,156,255;#DE9CFF;13;39;0;0
252;194;112;255;194,112,255;#C270FF;24;56;0;0
Purple;158;31;255;158,31,255;#9E1FFF;38;88;0;0
253;145;13;255;145,13,255;#910DFF;43;95;0;0
254;128;0;255;128,0,255;#8000FF;50;100;0;0
255;94;0;191;94,0,191;#5E00BF;51;100;0;25
256;237;204;255;237,204,255;#EDCCFF;7;20;0;0
2562;207;166;255;207,166,255;#CFA6FF;19;35;0;0
2563;199;171;255;199,171,255;#C7ABFF;22;33;0;0
2567;181;163;255;181,163,255;#B5A3FF;29;36;0;0
257;219;168;255;219,168,255;#DBA8FF;14;34;0;0
2572;179;135;255;179,135,255;#B387FF;30;47;0;0
2573;179;145;255;179,145,255;#B391FF;30;43;0;0
2577;153;140;255;153,140,255;#998CFF;40;45;0;0
258;145;61;255;145,61,255;#913DFF;43;76;0;0
2582;138;71;255;138,71,255;#8A47FF;46;72;0;0
2583;138;94;255;138,94,255;#8A5EFF;46;63;0;0
2587;105;87;255;105,87,255;#6957FF;59;66;0;0
259;95;0;217;95,0,217;#5F00D9;56;100;0;15
2592;102;26;255;102,26,255;#661AFF;60;90;0;0
2593;99;28;255;99,28,255;#631CFF;61;89;0;0
2597;38;0;255;38,0,255;#2600FF;85;100;0;0
260;91;0;189;91,0,189;#5B00BD;52;100;0;26
2602;92;0;247;92,0,247;#5C00F7;63;100;0;3
2603;77;0;250;77,0,250;#4D00FA;69;100;0;2
2607;45;0;237;45,0,237;#2D00ED;81;100;0;7
261;80;0;153;80,0,153;#500099;48;100;0;40
2612;79;0;219;79,0,219;#4F00DB;64;100;0;14
2613;80;0;217;80,0,217;#5000D9;63;100;0;15
2617;46;0;217;46,0,217;#2E00D9;79;100;0;15
262;63;0;115;63,0,115;#3F0073;45;100;0;55
2622;60;0;143;60,0,143;#3C008F;58;100;0;44
2623;71;0;173;71,0,173;#4700AD;59;100;0;32
2627;40;0;176;40,0,176;#2800B0;77;100;0;31
263;230;219;255;230,219,255;#E6DBFF;10;14;0;0
2635;184;186;255;184,186,255;#B8BAFF;28;27;0;0
264;189;184;255;189,184,255;#BDB8FF;26;28;0;0
2645;153;163;255;153,163,255;#99A3FF;40;36;0;0
265;117;112;255;117,112,255;#7570FF;54;56;0;0
2655;117;130;255;117,130,255;#7582FF;54;49;0;0
266;54;26;255;54,26,255;#361AFF;79;90;0;0
2665;97;102;255;97,102,255;#6166FF;62;60;0;0
Violet;5;0;255;5,0,255;#0500FF;98;100;0;0
267;28;0;255;28,0,255;#1C00FF;89;100;0;0
268;40;0;224;40,0,224;#2800E0;82;100;0;12
2685;9;0;230;9,0,230;#0900E6;96;100;0;10
269;38;0;171;38,0,171;#2600AB;78;100;0;33
2695;12;0;130;12,0,130;#0C0082;91;100;0;49
270;176;186;255;176,186,255;#B0BAFF;31;27;0;0
2705;153;179;255;153,179,255;#99B3FF;40;30;0;0
2706;207;232;255;207,232,255;#CFE8FF;19;9;0;0
2707;212;240;255;212,240,255;#D4F0FF;17;6;0;0
2708;189;230;255;189,230,255;#BDE6FF;26;10;0;0
271;145;161;255;145,161,255;#91A1FF;43;37;0;0
2715;110;140;255;110,140,255;#6E8CFF;57;45;0;0
2716;140;181;255;140,181,255;#8CB5FF;45;29;0;0
2717;181;224;255;181,224,255;#B5E0FF;29;12;0;0
2718;84;150;255;84,150,255;#5496FF;67;41;0;0
272;107;133;255;107,133,255;#6B85FF;58;48;0;0
2725;59;82;255;59,82,255;#3B52FF;77;68;0;0
2726;54;87;255;54,87,255;#3657FF;79;66;0;0
2727;74;148;255;74,148,255;#4A94FF;71;42;0;0
Blue 072;0;29;242;0,29,242;#001DF2;100;88;0;5
2728;10;79;255;10,79,255;#0A4FFF;96;69;0;0
273;0;9;235;0,9,235;#0009EB;100;96;0;8
2735;0;13;255;0,13,255;#000DFF;100;95;0;0
2736;0;23;255;0,23,255;#0017FF;100;91;0;0
2738;0;32;250;0,32,250;#0020FA;100;87;0;2
274;0;0;184;0,0,184;#0000B8;100;100;0;28
2745;0;11;217;0,11,217;#000BD9;100;95;0;15
2746;0;18;230;0,18,230;#0012E6;100;92;0;10
2747;0;30;217;0,30,217;#001ED9;100;86;0;15
2748;0;26;217;0,26,217;#001AD9;100;88;0;15
275;3;0;145;3,0,145;#030091;98;100;0;43
2755;0;5;179;0,5,179;#0005B3;100;97;0;30
2756;0;11;181;0,11,181;#000BB5;100;94;0;29
2757;0;32;179;0,32,179;#0020B3;100;82;0;30
2758;0;38;189;0,38,189;#0026BD;100;80;0;26
276;2;0;115;2,0,115;#020073;98;100;0;55
2765;0;4;140;0,4,140;#00048C;100;97;0;45
2766;0;8;135;0,8,135;#000887;100;94;0;47
2767;0;26;117;0,26,117;#001A75;100;78;0;54
2768;0;31;143;0,31,143;#001F8F;100;78;0;44
277;186;237;255;186,237,255;#BAEDFF;27;7;0;0
278;156;219;255;156,219,255;#9CDBFF;39;14;0;0
279;82;168;255;82,168,255;#52A8FF;68;34;0;0
Reflex Blue;0;67;250;0,67,250;#0043FA;100;73;0;2
280;0;59;209;0,59,209;#003BD1;100;72;0;18
281;0;49;173;0,49,173;#0031AD;100;72;0;32
282;0;38;117;0,38,117;#002675;100;68;0;54
283;166;232;255;166,232,255;#A6E8FF;35;9;0;0
284;115;207;255;115,207,255;#73CFFF;55;19;0;0
285;28;145;255;28,145,255;#1C91FF;89;43;0;0
286;0;85;250;0,85,250;#0055FA;100;66;0;2
287;0;72;224;0,72,224;#0048E0;100;68;0;12
288;0;65;196;0,65,196;#0041C4;100;67;0;23
289;0;36;107;0,36,107;#00246B;100;66;0;58
290;191;250;255;191,250,255;#BFFAFF;25;2;0;0
2905;150;250;255;150,250,255;#96FAFF;41;2;0;0
291;171;247;255;171,247,255;#ABF7FF;33;3;0;0
2915;105;237;255;105,237,255;#69EDFF;59;7;0;0
292;130;227;255;130,227,255;#82E3FF;49;11;0;0
2925;38;194;255;38,194,255;#26C2FF;85;24;0;0
293;0;107;250;0,107,250;#006BFA;100;57;0;2
2935;0;138;255;0,138,255;#008AFF;100;46;0;0
294;0;85;201;0,85,201;#0055C9;100;58;0;21
2945;0;121;219;0,121,219;#0079DB;100;45;0;14
295;0;69;161;0,69,161;#0045A1;100;57;0;37
2955;0;88;161;0,88,161;#0058A1;100;45;0;37
296;0;41;77;0,41,77;#00294D;100;46;0;70
2965;0;57;92;0,57,92;#00395C;100;38;0;64
297;130;252;255;130,252,255;#82FCFF;49;1;0;0
2975;179;255;242;179,255,242;#B3FFF2;30;0;5;0
298;79;237;255;79,237,255;#4FEDFF;69;7;0;0
2985;105;255;240;105,255,240;#69FFF0;59;0;6;0
299;38;207;255;38,207,255;#26CFFF;85;19;0;0
2995;26;227;255;26,227,255;#1AE3FF;90;11;0;0
300;0;143;255;0,143,255;#008FFF;100;44;0;0
3005;0;160;250;0,160,250;#00A0FA;100;36;0;2
301;0;115;209;0,115,209;#0073D1;100;45;0;18
3015;0;137;204;0,137,204;#0089CC;100;33;0;20
302;0;96;128;0,96,128;#006080;100;25;0;50
3025;0;104;125;0,104,125;#00687D;100;17;0;51
303;0;59;66;0,59,66;#003B42;100;11;0;74
3035;0;71;68;0,71,68;#004744;100;0;5;72
304;179;255;235;179,255,235;#B3FFEB;30;0;8;0
305;125;255;232;125,255,232;#7DFFE8;51;0;9;0
306;64;255;237;64,255,237;#40FFED;75;0;7;0
Process Blue;0;207;230;0,207,230;#00CFE6;100;10;0;10
307;0;156;186;0,156,186;#009CBA;100;16;0;27
308;0;128;135;0,128,135;#008087;100;5;0;47
309;0;71;65;0,71,65;#004741;100;0;9;72
310;145;255;230;145,255,230;#91FFE6;43;0;10;0
3105;145;255;224;145,255,224;#91FFE0;43;0;12;0
311;94;255;224;94,255,224;#5EFFE0;63;0;12;0
3115;94;255;209;94,255,209;#5EFFD1;63;0;18;0
312;10;255;227;10,255,227;#0AFFE3;96;0;11;0
3125;43;255;201;43,255,201;#2BFFC9;83;0;21;0
313;0;222;204;0,222,204;#00DECC;100;0;8;13
3135;0;232;195;0,232,195;#00E8C3;100;0;16;9
314;0;179;162;0,179,162;#00B3A2;100;0;9;30
3145;0;196;159;0,196,159;#00C49F;100;0;19;23
315;0;145;128;0,145,128;#009180;100;0;12;43
3155;0;158;120;0,158,120;#009E78;100;0;24;38
316;0;82;60;0,82,60;#00523C;100;0;27;68
3165;0;89;64;0,89,64;#005940;100;0;28;65
317;209;255;235;209,255,235;#D1FFEB;18;0;8;0
318;158;255;217;158,255,217;#9EFFD9;38;0;15;0
319;122;255;207;122,255,207;#7AFFCF;52;0;19;0
320;0;237;164;0,237,164;#00EDA4;100;0;31;7
321;0;196;135;0,196,135;#00C487;100;0;31;23
322;0;166;111;0,166,111;#00A66F;100;0;33;35
323;0;135;84;0,135,84;#008754;100;0;38;47
324;184;255;224;184,255,224;#B8FFE0;28;0;12;0
3242;161;255;209;161,255,209;#A1FFD1;37;0;18;0
3245;168;255;207;168,255,207;#A8FFCF;34;0;19;0
3248;145;255;194;145,255,194;#91FFC2;43;0;24;0
325;112;255;189;112,255,189;#70FFBD;56;0;26;0
3252;135;255;194;135,255,194;#87FFC2;47;0;24;0
3255;130;255;184;130,255,184;#82FFB8;49;0;28;0
3258;105;255;171;105,255,171;#69FFAB;59;0;33;0
326;33;255;158;33,255,158;#21FF9E;87;0;38;0
3262;74;255;171;74,255,171;#4AFFAB;71;0;33;0
3265;79;255;161;79,255,161;#4FFFA1;69;0;37;0
3268;26;255;130;26,255,130;#1AFF82;90;0;49;0
327;0;212;119;0,212,119;#00D477;100;0;44;17
3272;0;255;143;0,255,143;#00FF8F;100;0;44;0
3275;13;255;135;13,255,135;#0DFF87;95;0;47;0
3278;0;242;109;0,242,109;#00F26D;100;0;55;5
328;0;173;95;0,173,95;#00AD5F;100;0;45;32
3282;0;217;117;0,217,117;#00D975;100;0;46;15
3285;0;237;119;0,237,119;#00ED77;100;0;50;7
3288;0;204;94;0,204,94;#00CC5E;100;0;54;20
329;0;138;74;0,138,74;#008A4A;100;0;46;46
3292;0;138;70;0,138,70;#008A46;100;0;49;46
3295;0;201;95;0,201,95;#00C95F;100;0;53;21
3298;0;148;64;0,148,64;#009440;100;0;57;42
330;0;102;53;0,102,53;#006635;100;0;48;60
3302;0;79;36;0,79,36;#004F24;100;0;54;69
3305;0;99;39;0,99,39;#006327;100;0;61;61
3308;0;71;29;0,71,29;#00471D;100;0;60;72
331;194;255;214;194,255,214;#C2FFD6;24;0;16;0
332;179;255;204;179,255,204;#B3FFCC;30;0;20;0
333;145;255;186;145,255,186;#91FFBA;43;0;27;0
Green;0;255;105;0,255,105;#00FF69;100;0;59;0
334;0;247;99;0,247,99;#00F763;100;0;60;3
335;0;179;62;0,179,62;#00B33E;100;0;65;30
336;0;135;45;0,135,45;#00872D;100;0;67;47
337;176;255;204;176,255,204;#B0FFCC;31;0;20;0
3375;166;255;191;166,255,191;#A6FFBF;35;0;25;0
338;135;255;173;135,255,173;#87FFAD;47;0;32;0
3385;140;255;171;140,255,171;#8CFFAB;45;0;33;0
339;41;255;112;41,255,112;#29FF70;84;0;56;0
3395;99;255;140;99,255,140;#63FF8C;61;0;45;0
340;0;232;79;0,232,79;#00E84F;100;0;66;9
3405;38;255;89;38,255,89;#26FF59;85;0;65;0
341;0;181;60;0,181,60;#00B53C;100;0;67;29
3415;0;199;46;0,199,46;#00C72E;100;0;77;22
342;0;145;42;0,145,42;#00912A;100;0;71;43
3425;0;148;33;0,148,33;#009421;100;0;78;42
343;2;99;28;2,99,28;#02631C;98;0;72;61
3435;0;87;16;0,87,16;#005710;100;0;81;66
344;186;255;196;186,255,196;#BAFFC4;27;0;23;0
345;158;255;173;158,255,173;#9EFFAD;38;0;32;0
346;115;255;135;115,255,135;#73FF87;55;0;47;0
347;0;247;35;0,247,35;#00F723;100;0;86;3
348;0;194;29;0,194,29;#00C21D;100;0;85;24
349;0;148;13;0,148,13;#00940D;100;0;91;42
350;13;64;0;13,64,0;#0D4000;79;0;100;75
351;212;255;214;212,255,214;#D4FFD6;17;0;16;0
352;186;255;191;186,255,191;#BAFFBF;27;0;25;0
353;158;255;163;158,255,163;#9EFFA3;38;0;36;0
354;51;255;26;51,255,26;#33FF1A;80;0;90;0
355;15;255;0;15,255,0;#0FFF00;94;0;100;0
356;9;186;0;9,186,0;#09BA00;95;0;100;27
357;22;112;0;22,112,0;#167000;80;0;100;56
358;186;255;158;186,255,158;#BAFF9E;27;0;38;0
359;163;255;130;163,255,130;#A3FF82;36;0;49;0
360;107;255;51;107,255,51;#6BFF33;58;0;80;0
361;79;255;0;79,255,0;#4FFF00;69;0;100;0
362;70;232;0;70,232,0;#46E800;70;0;100;9
363;62;194;0;62,194,0;#3EC200;68;0;100;24
364;52;148;0;52,148,0;#349400;65;0;100;42
365;224;255;181;224,255,181;#E0FFB5;12;0;29;0
366;204;255;143;204,255,143;#CCFF8F;20;0;44;0
367;173;255;105;173,255,105;#ADFF69;32;0;59;0
368;110;255;0;110,255,0;#6EFF00;57;0;100;0
369;97;237;0;97,237,0;#61ED00;59;0;100;7
370;82;186;0;82,186,0;#52BA00;56;0;100;27
371;64;112;0;64,112,0;#407000;43;0;100;56
372;230;255;171;230,255,171;#E6FFAB;10;0;33;0
373;214;255;138;214,255,138;#D6FF8A;16;0;46;0
374;194;255;110;194,255,110;#C2FF6E;24;0;57;0
375;150;255;56;150,255,56;#96FF38;41;0;78;0
376;116;242;0;116,242,0;#74F200;52;0;100;5
377;107;194;0;107,194,0;#6BC200;45;0;100;24
378;67;102;0;67,102,0;#436600;34;0;100;60
379;232;255;107;232,255,107;#E8FF6B;9;0;58;0
380;222;255;71;222,255,71;#DEFF47;13;0;72;0
381;204;255;23;204,255,23;#CCFF17;20;0;91;0
382;181;255;0;181,255,0;#B5FF00;29;0;100;0
383;165;207;0;165,207,0;#A5CF00;20;0;100;19
384;144;176;0;144,176,0;#90B000;18;0;100;31
385;104;107;0;104,107,0;#686B00;3;0;100;58
386;240;255;112;240,255,112;#F0FF70;6;0;56;0
387;230;255;66;230,255,66;#E6FF42;10;0;74;0
388;219;255;54;219,255,54;#DBFF36;14;0;79;0
389;204;255;38;204,255,38;#CCFF26;20;0;85;0
390;183;235;0;183,235,0;#B7EB00;22;0;100;8
391;149;171;0;149,171,0;#95AB00;13;0;100;33
392;121;130;0;121,130,0;#798200;7;0;100;49
393;247;255;115;247,255,115;#F7FF73;3;0;55;0
3935;252;255;82;252,255,82;#FCFF52;1;0;68;0
394;240;255;61;240,255,61;#F0FF3D;6;0;76;0
3945;247;255;38;247,255,38;#F7FF26;3;0;85;0
395;235;255;38;235,255,38;#EBFF26;8;0;85;0
3955;240;255;0;240,255,0;#F0FF00;6;0;100;0
396;227;255;15;227,255,15;#E3FF0F;11;0;94;0
3965;235;255;0;235,255,0;#EBFF00;8;0;100;0
397;204;227;0;204,227,0;#CCE300;10;0;100;11
3975;181;181;0;181,181,0;#B5B500;0;0;100;29
398;171;184;0;171,184,0;#ABB800;7;0;100;28
3985;150;146;0;150,146,0;#969200;0;3;100;41
399;145;145;0;145,145,0;#919100;0;0;100;43
3995;92;89;0;92,89,0;#5C5900;0;3;100;64
400;214;208;201;214,208,201;#D6D0C9;0;3;6;16
401;196;187;175;196,187,175;#C4BBAF;0;5;11;23
402;176;165;151;176,165,151;#B0A597;0;6;14;31
403;145;135;121;145,135,121;#918779;0;7;17;43
404;112;103;88;112,103,88;#706758;0;8;22;56
405;71;64;48;71,64,48;#474030;0;10;33;72
Black;5;4;3;5,4,3;#050403;0;13;49;98
406;214;203;201;214,203,201;#D6CBC9;0;5;6;16
407;189;174;172;189,174,172;#BDAEAC;0;8;9;26
408;168;151;150;168,151,150;#A89796;0;10;11;34
409;140;122;119;140,122,119;#8C7A77;0;13;15;45
410;112;92;89;112,92,89;#705C59;0;18;21;56
411;71;52;46;71,52,46;#47342E;0;27;36;72
412;5;4;2;5,4,2;#050402;0;30;66;98
413;204;204;186;204,204,186;#CCCCBA;0;0;9;20
414;179;179;161;179,179,161;#B3B3A1;0;0;10;30
415;150;150;132;150,150,132;#969684;0;0;12;41
416;128;128;107;128,128,107;#80806B;0;0;16;50
417;88;89;67;88,89,67;#585943;1;0;25;65
418;62;64;44;62,64,44;#3E402C;3;0;31;75
419;0;0;0;0,0,0;#000000;29;0;36;100
420;217;217;217;217,217,217;#D9D9D9;0;0;0;15
421;189;189;189;189,189,189;#BDBDBD;0;0;0;26
422;171;171;171;171,171,171;#ABABAB;0;0;0;33
423;143;143;143;143,143,143;#8F8F8F;0;0;0;44
424;99;99;99;99,99,99;#636363;0;0;0;61
425;59;59;59;59,59,59;#3B3B3B;0;0;0;77
426;0;0;0;0,0,0;#000000;0;0;0;100
427;227;227;227;227,227,227;#E3E3E3;0;0;0;11
428;205;209;209;205,209,209;#CDD1D1;2;0;0;18
429;168;173;173;168,173,173;#A8ADAD;3;0;0;32
430;133;140;140;133,140,140;#858C8C;5;0;0;45
431;82;91;92;82,91,92;#525B5C;11;1;0;64
432;45;57;59;45,57,59;#2D393B;23;2;0;77
433;9;12;13;9,12,13;#090C0D;33;3;0;95
434;237;230;232;237,230,232;#EDE6E8;7;10;9;0
435;222;214;219;222,214,219;#DED6DB;13;16;14;0
436;194;191;191;194,191,191;#C2BFBF;24;25;25;0
437;138;140;138;138,140,138;#8A8C8A;46;45;46;0
438;57;69;0;57,69,0;#394500;75;70;100;10
439;41;51;0;41,51,0;#293300;80;75;100;20
440;32;39;0;32,39,0;#202700;82;78;100;30
441;218;232;216;218,232,216;#DAE8D8;6;0;7;9
442;190;207;188;190,207,188;#BECFBC;8;0;9;19
443;157;179;157;157,179,157;#9DB39D;12;0;12;30
444;126;148;126;126,148,126;#7E947E;15;0;15;42
445;71;89;71;71,89,71;#475947;20;0;20;65
446;50;64;49;50,64,49;#324031;21;0;23;75
447;39;46;32;39,46,32;#272E20;16;0;31;82
Warm Gray 1;240;235;233;240,235,233;#F0EBE9;0;2;3;6
Warm Gray 2;232;227;220;232,227,220;#E8E3DC;0;2;5;9
Warm Gray 3;212;203;195;212,203,195;#D4CBC3;0;4;8;17
Warm Gray 4;194;186;176;194,186,176;#C2BAB0;0;4;9;24
Warm Gray 5;181;172;163;181,172,163;#B5ACA3;0;5;10;29
Warm Gray 6;176;165;155;176,165,155;#B0A59B;0;6;12;31
Warm Gray 7;158;145;136;158,145,136;#9E9188;0;8;14;38
Warm Gray 8;145;132;122;145,132,122;#91847A;0;9;16;43
Warm Gray 9;135;120;108;135,120,108;#87786C;0;11;20;47
Warm Gray 10;115;99;83;115,99,83;#736353;0;14;28;55
Warm Gray 11;97;80;64;97,80,64;#615040;0;17;34;62
Cool Gray 1;240;240;240;240,240,240;#F0F0F0;0;0;0;6
Cool Gray 2;227;227;227;227,227,227;#E3E3E3;0;0;0;11
Cool Gray 3;209;209;209;209,209,209;#D1D1D1;0;0;0;18
Cool Gray 4;186;186;186;186,186,186;#BABABA;0;0;0;27
Cool Gray 5;168;168;168;168,168,168;#A8A8A8;0;0;0;34
Cool Gray 6;158;158;158;158,158,158;#9E9E9E;0;0;0;38
Cool Gray 7;135;135;135;135,135,135;#878787;0;0;0;47
Cool Gray 8;112;112;112;112,112,112;#707070;0;0;0;56
Cool Gray 9;89;89;89;89,89,89;#595959;0;0;0;65
Cool Gray 10;71;71;71;71,71,71;#474747;0;0;0;72
Cool Gray 11;54;54;54;54,54,54;#363636;0;0;0;79
448;45;62;0;45,62,0;#2D3E00;75;65;100;30
4485;79;58;0;79,58,0;#4F3A00;0;26;100;69
449;61;82;0;61,82,0;#3D5200;70;60;100;20
4495;138;110;7;138,110,7;#8A6E07;0;20;95;46
450;80;103;0;80,103,0;#506700;65;55;100;10
4505;163;139;36;163,139,36;#A38B24;0;15;78;36
451;171;181;115;171,181,115;#ABB573;33;29;55;0
4515;194;176;97;194,176,97;#C2B061;0;9;50;24
452;194;207;156;194,207,156;#C2CF9C;24;19;39;0
4525;212;197;129;212,197,129;#D4C581;0;7;39;17
453;219;227;191;219,227,191;#DBE3BF;14;11;25;0
4535;227;218;159;227,218,159;#E3DA9F;0;4;30;11
454;232;237;214;232,237,214;#E8EDD6;9;7;16;0
4545;240;233;194;240,233,194;#F0E9C2;0;3;19;6
455;89;74;0;89,74,0;#594A00;0;17;100;65
456;145;124;0;145,124,0;#917C00;0;15;100;43
457;184;156;0;184,156,0;#B89C00;0;15;100;28
458;230;230;69;230,230,69;#E6E645;10;10;73;0
459;240;237;115;240,237,115;#F0ED73;6;7;55;0
460;245;242;143;245,242,143;#F5F28F;4;5;44;0
461;247;247;166;247,247,166;#F7F7A6;3;3;35;0
462;64;38;0;64,38,0;#402600;50;70;100;50
4625;54;21;0;54,21,0;#361500;0;60;100;79
463;107;61;0;107,61,0;#6B3D00;30;60;100;40
4635;143;74;6;143,74,6;#8F4A06;0;48;96;44
464;149;83;0;149,83,0;#955300;10;50;100;35
4645;184;116;59;184,116,59;#B8743B;0;37;68;28
465;204;173;107;204,173,107;#CCAD6B;20;32;58;0
4655;209;155;115;209,155,115;#D19B73;0;26;45;18
466;224;199;145;224,199,145;#E0C791;12;22;43;0
4665;230;188;156;230,188,156;#E6BC9C;0;18;32;10
467;232;217;168;232,217,168;#E8D9A8;9;15;34;0
4675;240;213;189;240,213,189;#F0D5BD;0;11;21;6
468;240;232;196;240,232,196;#F0E8C4;6;9;23;0
4685;245;228;211;245,228,211;#F5E4D3;0;7;14;4
469;74;26;0;74,26,0;#4A1A00;0;65;100;71
4695;66;13;0;66,13,0;#420D00;0;81;100;74
470;171;72;0;171,72,0;#AB4800;0;58;100;33
4705;130;49;38;130,49,38;#823126;0;62;71;49
471;209;86;0;209,86,0;#D15600;0;59;100;18
4715;168;98;93;168,98,93;#A8625D;0;42;45;34
472;255;168;122;255,168,122;#FFA87A;0;34;52;0
4725;191;130;124;191,130,124;#BF827C;0;32;35;25
473;255;196;163;255,196,163;#FFC4A3;0;23;36;0
4735;217;169;167;217,169,167;#D9A9A7;0;22;23;15
474;255;217;189;255,217,189;#FFD9BD;0;15;26;0
4745;230;190;188;230,190,188;#E6BEBC;0;17;18;10
475;255;227;204;255,227,204;#FFE3CC;0;11;20;0
4755;240;216;211;240,216,211;#F0D8D3;0;10;12;6
476;56;28;0;56,28,0;#381C00;60;80;100;45
477;79;24;0;79,24,0;#4F1800;50;85;100;38
478;107;18;0;107,18,0;#6B1200;40;90;100;30
479;176;133;115;176,133,115;#B08573;31;48;55;0
480;217;181;176;217,181,176;#D9B5B0;15;29;31;0
481;232;207;201;232,207,201;#E8CFC9;9;19;21;0
482;242;224;222;242,224,222;#F2E0DE;5;12;13;0
483;102;7;0;102,7,0;#660700;0;93;100;60
484;181;9;0;181,9,0;#B50900;0;95;100;29
485;255;13;0;255,13,0;#FF0D00;0;95;100;0
486;255;135;150;255,135,150;#FF8796;0;47;41;0
487;255;166;184;255,166,184;#FFA6B8;0;35;28;0
488;255;189;207;255,189,207;#FFBDCF;0;26;19;0
489;255;217;227;255,217,227;#FFD9E3;0;15;11;0
490;71;19;0;71,19,0;#471300;0;74;100;72
491;122;26;0;122,26,0;#7A1A00;0;79;100;52
492;148;34;0;148,34,0;#942200;0;77;100;42
493;242;131;187;242,131,187;#F283BB;0;46;23;5
494;255;171;222;255,171,222;#FFABDE;0;33;13;0
495;255;194;227;255,194,227;#FFC2E3;0;24;11;0
496;255;214;232;255,214,232;#FFD6E8;0;16;9;0
497;56;17;0;56,17,0;#381100;0;70;100;78
4975;51;14;0;51,14,0;#330E00;0;73;100;80
498;102;37;0;102,37,0;#662500;0;64;100;60
4985;133;50;65;133,50,65;#853241;0;62;51;48
499;133;49;0;133,49,0;#853100;0;63;100;48
4995;168;88;104;168,88,104;#A85868;0;48;38;34
500;227;141;179;227,141,179;#E38DB3;0;38;21;11
5005;196;122;143;196,122,143;#C47A8F;0;38;27;23
501;247;181;215;247,181,215;#F7B5D7;0;27;13;3
5015;227;170;193;227,170,193;#E3AAC1;0;25;15;11
502;252;207;227;252,207,227;#FCCFE3;0;18;10;1
5025;237;194;209;237,194,209;#EDC2D1;0;18;12;7
503;255;227;235;255,227,235;#FFE3EB;0;11;8;0
5035;247;223;225;247,223,225;#F7DFE1;0;10;9;3
504;50;0;0;50,0,0;#320000;70;100;100;35
505;96;0;0;96,0,0;#600000;50;100;100;25
506;119;0;0;119,0,0;#770000;45;100;100;15
507;222;130;196;222,130,196;#DE82C4;13;49;23;0
508;242;163;227;242,163,227;#F2A3E3;5;36;11;0
509;255;194;237;255,194,237;#FFC2ED;0;24;7;0
510;255;212;240;255,212,240;#FFD4F0;0;17;6;0
511;61;0;102;61,0,102;#3D0066;70;100;50;20
5115;43;0;65;43,0,65;#2B0041;80;100;70;15
512;97;0;206;97,0,206;#6100CE;60;100;15;5
5125;89;36;130;89,36,130;#592482;65;86;49;0
513;138;31;255;138,31,255;#8A1FFF;46;88;0;0
5135;130;87;184;130,87,184;#8257B8;49;66;28;0
514;217;128;255;217,128,255;#D980FF;15;50;0;0
5145;179;140;224;179,140,224;#B38CE0;30;45;12;0
515;237;158;255;237,158,255;#ED9EFF;7;38;0;0
5155;212;179;235;212,179,235;#D4B3EB;17;30;8;0
516;247;186;255;247,186,255;#F7BAFF;3;27;0;0
5165;232;207;242;232,207,242;#E8CFF2;9;19;5;0
517;255;209;255;255,209,255;#FFD1FF;0;18;0;0
5175;242;224;247;242,224,247;#F2E0F7;5;12;3;0
518;46;0;92;46,0,92;#2E005C;80;100;60;10
5185;28;0;34;28,0,34;#1C0022;88;100;85;10
519;68;0;157;68,0,157;#44009D;72;100;35;5
5195;61;12;78;61,12,78;#3D0C4E;75;95;68;5
520;92;0;224;92,0,224;#5C00E0;64;100;12;0
5205;122;94;133;122,94,133;#7A5E85;52;63;48;0
521;186;135;255;186,135,255;#BA87FF;27;47;0;0
5215;181;158;194;181,158,194;#B59EC2;29;38;24;0
522;212;161;255;212,161,255;#D4A1FF;17;37;0;0
5225;212;186;217;212,186,217;#D4BAD9;17;27;15;0
523;230;189;255;230,189,255;#E6BDFF;10;26;0;0
5235;230;212;230;230,212,230;#E6D4E6;10;17;10;0
524;240;217;255;240,217,255;#F0D9FF;6;15;0;0
5245;240;230;237;240,230,237;#F0E6ED;6;10;7;0
525;39;0;133;39,0,133;#270085;84;100;45;5
5255;13;11;77;13,11,77;#0D0B4D;83;85;0;70
526;59;0;237;59,0,237;#3B00ED;77;100;7;0
5265;32;37;138;32,37,138;#20258A;77;73;0;46
527;69;0;255;69,0,255;#4500FF;73;100;0;0
5275;56;72;168;56,72,168;#3848A8;67;57;0;34
528;150;115;255;150,115,255;#9673FF;41;55;0;0
5285;114;128;196;114,128,196;#7280C4;42;35;0;23
529;189;153;255;189,153,255;#BD99FF;26;40;0;0
5295;168;179;230;168,179,230;#A8B3E6;27;22;0;10
530;209;176;255;209,176,255;#D1B0FF;18;31;0;0
5305;199;206;237;199,206,237;#C7CEED;16;13;0;7
531;230;204;255;230,204,255;#E6CCFF;10;20;0;0
5315;228;228;242;228,228,242;#E4E4F2;6;6;0;5
532;0;25;63;0,25,63;#00193F;100;88;70;18
533;0;34;123;0,34,123;#00227B;100;85;46;11
534;0;44;170;0,44,170;#002CAA;100;82;30;5
535;148;179;237;148,179,237;#94B3ED;42;30;7;0
536;176;199;242;176,199,242;#B0C7F2;31;22;5;0
537;199;219;247;199,219,247;#C7DBF7;22;14;3;0
538;222;232;250;222,232,250;#DEE8FA;13;9;2;0
539;0;39;77;0,39,77;#00274D;100;49;0;70
5395;0;34;61;0,34,61;#00223D;100;44;0;76
540;0;52;115;0,52,115;#003473;100;55;0;55
5405;58;114;138;58,114,138;#3A728A;58;17;0;46
541;0;68;158;0,68,158;#00449E;100;57;0;38
5415;90;138;150;90,138,150;#5A8A96;40;8;0;41
542;94;193;247;94,193,247;#5EC1F7;62;22;0;3
5425;121;166;173;121,166,173;#79A6AD;30;4;0;32
543;150;227;255;150,227,255;#96E3FF;41;11;0;0
5435;184;205;212;184,205,212;#B8CDD4;13;3;0;17
544;179;240;255;179,240,255;#B3F0FF;30;6;0;0
5445;204;220;222;204,220,222;#CCDCDE;8;1;0;13
545;199;247;255;199,247,255;#C7F7FF;22;3;0;0
5455;218;232;232;218,232,232;#DAE8E8;6;0;0;9
546;2;39;43;2,39,43;#02272B;95;9;0;83
5463;0;43;36;0,43,36;#002B24;100;0;18;83
5467;0;13;9;0,13,9;#000D09;100;0;30;95
547;0;52;64;0,52,64;#003440;100;19;0;75
5473;22;122;88;22,122,88;#167A58;82;0;28;52
5477;29;66;48;29,66,48;#1D4230;56;0;27;74
548;0;70;92;0,70,92;#00465C;100;24;0;64
5483;67;176;139;67,176,139;#43B08B;62;0;21;31
5487;72;112;93;72,112,93;#48705D;36;0;17;56
549;86;173;186;86,173,186;#56ADBA;54;7;0;27
5493;115;201;173;115,201,173;#73C9AD;43;0;14;21
5497;130;158;144;130,158,144;#829E90;18;0;9;38
550;123;193;201;123,193,201;#7BC1C9;39;4;0;21
5503;156;219;197;156,219,197;#9CDBC5;29;0;10;14
5507;161;181;168;161,181,168;#A1B5A8;11;0;7;29
551;162;215;222;162,215,222;#A2D7DE;27;3;0;13
5513;199;242;225;199,242,225;#C7F2E1;18;0;7;5
5517;190;209;197;190,209,197;#BED1C5;9;0;6;18
552;197;232;232;197,232,232;#C5E8E8;15;0;0;9
5523;220;247;235;220,247,235;#DCF7EB;11;0;5;3
5527;213;227;218;213,227,218;#D5E3DA;6;0;4;11
553;20;51;25;20,51,25;#143319;60;0;51;80
5535;16;46;20;16,46,20;#102E14;66;0;57;82
554;17;84;34;17,84,34;#115422;80;0;60;67
5545;50;122;61;50,122,61;#327A3D;59;0;50;52
555;24;112;49;24,112,49;#187031;79;0;56;56
5555;90;158;104;90,158,104;#5A9E68;43;0;34;38
556;102;186;128;102,186,128;#66BA80;45;0;31;27
5565;132;189;143;132,189,143;#84BD8F;30;0;24;26
557;152;217;173;152,217,173;#98D9AD;30;0;20;15
5575;169;212;178;169,212,178;#A9D4B2;20;0;16;17
558;186;232;202;186,232,202;#BAE8CA;20;0;13;9
5585;202;230;204;202,230,204;#CAE6CC;12;0;11;10
559;206;240;216;206,240,216;#CEF0D8;14;0;10;6
5595;221;237;218;221,237,218;#DDEDDA;7;0;8;7
560;13;64;24;13,64,24;#0D4018;80;0;63;75
5605;5;15;7;5,15,7;#050F07;65;0;56;94
561;18;122;56;18,122,56;#127A38;85;0;54;52
5615;46;82;43;46,82,43;#2E522B;44;0;47;68
562;26;176;88;26,176,88;#1AB058;85;0;50;31
5625;90;125;87;90,125,87;#5A7D57;28;0;30;51
563;121;252;172;121,252,172;#79FCAC;52;0;32;1
5635;137;163;134;137,163,134;#89A386;16;0;18;36
564;161;255;204;161,255,204;#A1FFCC;37;0;20;0
5645;174;191;166;174,191,166;#AEBFA6;9;0;13;25
565;196;255;222;196,255,222;#C4FFDE;23;0;13;0
5655;197;209;190;197,209,190;#C5D1BE;6;0;9;18
566;219;255;232;219,255,232;#DBFFE8;14;0;9;0
5665;218;230;213;218,230,213;#DAE6D5;5;0;7;10
567;14;77;28;14,77,28;#0E4D1C;82;0;64;70
568;20;163;70;20,163,70;#14A346;88;0;57;36
569;4;212;91;4,212,91;#04D45B;98;0;57;17
570;133;255;181;133,255,181;#85FFB5;48;0;29;0
571;173;255;207;173,255,207;#ADFFCF;32;0;19;0
572;196;255;219;196,255,219;#C4FFDB;23;0;14;0
573;219;255;232;219,255,232;#DBFFE8;14;0;9;0
574;49;74;14;49,74,14;#314A0E;34;0;81;71
5743;31;46;7;31,46,7;#1F2E07;33;0;85;82
5747;36;54;0;36,54,0;#243600;32;0;100;79
575;62;120;0;62,120,0;#3E7800;48;0;100;53
5753;63;84;16;63,84,16;#3F5410;25;0;81;67
5757;84;115;6;84,115,6;#547306;27;0;95;55
576;79;156;0;79,156,0;#4F9C00;49;0;100;39
5763;92;110;29;92,110,29;#5C6E1D;16;0;74;57
5767;132;156;50;132,156,50;#849C32;15;0;68;39
577;174;230;124;174,230,124;#AEE67C;24;0;46;10
5773;144;158;90;144,158,90;#909E5A;9;0;43;38
5777;165;184;94;165,184,94;#A5B85E;10;0;49;28
578;192;240;144;192,240,144;#C0F090;20;0;40;6
5783;175;186;134;175,186,134;#AFBA86;6;0;28;27
5787;206;222;153;206,222,153;#CEDE99;7;0;31;13
579;205;247;163;205,247,163;#CDF7A3;17;0;34;3
5793;201;209;165;201,209,165;#C9D1A5;4;0;21;18
5797;220;232;176;220,232,176;#DCE8B0;5;0;24;9
580;220;250;185;220,250,185;#DCFAB9;12;0;26;2
5803;222;227;200;222,227,200;#DEE3C8;2;0;12;11
5807;233;240;206;233,240,206;#E9F0CE;3;0;14;6
581;70;71;0;70,71,0;#464700;2;0;100;72
5815;54;54;5;54,54,5;#363605;0;0;91;79
582;120;138;0;120,138,0;#788A00;13;0;100;46
5825;105;102;14;105,102,14;#69660E;0;2;87;59
583;163;212;0;163,212,0;#A3D400;23;0;100;17
5835;153;150;50;153,150,50;#999632;0;2;67;40
584;211;240;50;211,240,50;#D3F032;12;0;79;6
5845;179;177;95;179,177,95;#B3B15F;0;1;47;30
585;222;250;85;222,250,85;#DEFA55;11;0;66;2
5855;209;209;144;209,209,144;#D1D190;0;0;31;18
586;232;255;120;232,255,120;#E8FF78;9;0;53;0
5865;222;222;166;222,222,166;#DEDEA6;0;0;25;13
587;242;255;153;242,255,153;#F2FF99;5;0;40;0
5875;235;235;192;235,235,192;#EBEBC0;0;0;18;8
600;255;255;181;255,255,181;#FFFFB5;0;0;29;0
601;255;255;153;255,255,153;#FFFF99;0;0;40;0
602;255;255;125;255,255,125;#FFFF7D;0;0;51;0
603;252;252;78;252,252,78;#FCFC4E;0;0;69;1
604;247;247;30;247,247,30;#F7F71E;0;0;88;3
605;237;232;0;237,232,0;#EDE800;0;2;100;7
606;224;215;0;224,215,0;#E0D700;0;4;100;12
607;252;252;207;252,252,207;#FCFCCF;0;0;18;1
608;250;250;170;250,250,170;#FAFAAA;0;0;32;2
609;245;245;132;245,245,132;#F5F584;0;0;46;4
610;240;240;101;240,240,101;#F0F065;0;0;58;6
611;227;225;18;227,225,18;#E3E112;0;1;92;11
612;204;200;0;204,200,0;#CCC800;0;2;100;20
613;179;171;0;179,171,0;#B3AB00;0;4;100;30
614;245;245;196;245,245,196;#F5F5C4;0;0;20;4
615;240;237;175;240,237,175;#F0EDAF;0;1;27;6
616;232;227;151;232,227,151;#E8E397;0;2;35;9
617;212;207;110;212,207,110;#D4CF6E;0;2;48;17
618;179;173;23;179,173,23;#B3AD17;0;3;87;30
619;145;140;0;145,140,0;#918C00;0;4;100;43
620;120;114;0;120,114,0;#787200;0;5;100;53
621;217;250;225;217,250,225;#D9FAE1;13;0;10;2
622;186;245;198;186,245,198;#BAF5C6;24;0;19;4
623;156;230;174;156,230,174;#9CE6AE;32;0;24;10
624;114;204;133;114,204,133;#72CC85;44;0;35;20
625;75;171;96;75,171,96;#4BAB60;56;0;44;33
626;23;94;34;23,94,34;#175E22;76;0;64;63
627;4;41;10;4,41,10;#04290A;90;0;76;84
628;207;255;240;207,255,240;#CFFFF0;19;0;6;0
629;168;255;232;168,255,232;#A8FFE8;34;0;9;0
630;135;255;227;135,255,227;#87FFE3;47;0;11;0
631;82;250;220;82,250,220;#52FADC;67;0;12;2
632;19;242;206;19,242,206;#13F2CE;92;0;15;5
633;0;191;172;0,191,172;#00BFAC;100;0;10;25
634;0;153;139;0,153,139;#00998B;100;0;9;40
635;173;255;235;173,255,235;#ADFFEB;32;0;8;0
636;140;255;232;140,255,232;#8CFFE8;45;0;9;0
637;115;255;232;115,255,232;#73FFE8;55;0;9;0
638;43;255;230;43,255,230;#2BFFE6;83;0;10;0
639;0;242;230;0,242,230;#00F2E6;100;0;5;5
640;0;199;199;0,199,199;#00C7C7;100;0;0;22
641;0;171;179;0,171,179;#00ABB3;100;4;0;30
642;210;240;250;210,240,250;#D2F0FA;16;4;0;2
643;184;228;245;184,228,245;#B8E4F5;25;7;0;4
644;139;204;240;139,204,240;#8BCCF0;42;15;0;6
645;100;167;232;100,167,232;#64A7E8;57;28;0;9
646;70;150;227;70,150,227;#4696E3;69;34;0;11
647;0;86;196;0,86,196;#0056C4;100;56;0;23
648;0;45;117;0,45,117;#002D75;100;62;0;54
649;217;237;252;217,237,252;#D9EDFC;14;6;0;1
650;190;227;250;190,227,250;#BEE3FA;24;9;0;2
651;149;197;240;149,197,240;#95C5F0;38;18;0;6
652;92;151;230;92,151,230;#5C97E6;60;34;0;10
653;0;78;204;0,78,204;#004ECC;100;62;0;20
654;0;57;158;0,57,158;#00399E;100;64;0;38
655;0;43;122;0,43,122;#002B7A;100;65;0;52
656;219;245;255;219,245,255;#DBF5FF;14;4;0;0
657;194;235;255;194,235,255;#C2EBFF;24;8;0;0
658;150;204;255;150,204,255;#96CCFF;41;20;0;0
659;92;166;255;92,166,255;#5CA6FF;64;35;0;0
660;26;110;255;26,110,255;#1A6EFF;90;57;0;0
661;0;72;232;0,72,232;#0048E8;100;69;0;9
662;0;59;209;0,59,209;#003BD1;100;72;0;18
663;237;240;255;237,240,255;#EDF0FF;7;6;0;0
664;227;232;255;227,232,255;#E3E8FF;11;9;0;0
665;200;207;250;200,207,250;#C8CFFA;20;17;0;2
666;164;166;237;164,166,237;#A4A6ED;31;30;0;7
667;105;112;219;105,112,219;#6970DB;52;49;0;14
668;62;64;179;62,64,179;#3E40B3;65;64;0;30
669;32;30;135;32,30,135;#201E87;76;78;0;47
670;255;222;255;255,222,255;#FFDEFF;0;13;0;0
671;252;204;255;252,204,255;#FCCCFF;1;20;0;0
672;247;168;255;247,168,255;#F7A8FF;3;34;0;0
673;240;130;255;240,130,255;#F082FF;6;49;0;0
674;232;84;255;232,84,255;#E854FF;9;67;0;0
675;205;0;247;205,0,247;#CD00F7;17;100;0;3
676;187;0;199;187,0,199;#BB00C7;6;100;0;22
677;250;222;255;250,222,255;#FADEFF;2;13;0;0
678;247;201;255;247,201,255;#F7C9FF;3;21;0;0
679;242;186;255;242,186,255;#F2BAFF;5;27;0;0
680;225;142;250;225,142,250;#E18EFA;10;43;0;2
681;193;95;245;193,95,245;#C15FF5;21;61;0;4
682;168;47;224;168,47,224;#A82FE0;25;79;0;12
683;129;0;145;129,0,145;#810091;11;100;0;43
684;250;207;250;250,207,250;#FACFFA;0;17;0;2
685;247;186;247;247,186,247;#F7BAF7;0;25;0;3
686;242;170;242;242,170,242;#F2AAF2;0;30;0;5
687;220;126;224;220,126,224;#DC7EE0;2;44;0;12
688;196;89;207;196,89,207;#C459CF;5;57;0;19
689;157;39;168;157,39,168;#9D27A8;7;77;0;34
690;105;3;105;105,3,105;#690369;0;97;0;59
691;252;215;232;252,215,232;#FCD7E8;0;15;8;1
692;250;192;225;250,192,225;#FAC0E1;0;23;10;2
693;240;168;211;240,168,211;#F0A8D3;0;30;12;6
694;230;131;186;230,131,186;#E683BA;0;43;19;10
695;191;80;138;191,80,138;#BF508A;0;58;28;25
696;153;24;70;153,24,70;#991846;0;84;54;40
697;125;9;37;125,9,37;#7D0925;0;93;70;51
698;255;214;235;255,214,235;#FFD6EB;0;16;8;0
699;255;194;230;255,194,230;#FFC2E6;0;24;10;0
700;255;163;219;255,163,219;#FFA3DB;0;36;14;0
701;255;120;204;255,120,204;#FF78CC;0;53;20;0
702;242;75;160;242,75,160;#F24BA0;0;69;34;5
703;214;36;99;214,36,99;#D62463;0;83;54;16
704;186;0;37;186,0,37;#BA0025;0;100;80;27
705;255;232;242;255,232,242;#FFE8F2;0;9;5;0
706;255;212;230;255,212,230;#FFD4E6;0;17;10;0
707;255;179;219;255,179,219;#FFB3DB;0;30;14;0
708;255;138;199;255,138,199;#FF8AC7;0;46;22;0
709;255;87;158;255,87,158;#FF579E;0;66;38;0
710;255;54;107;255,54,107;#FF366B;0;79;58;0
711;250;0;50;250,0,50;#FA0032;0;100;80;2
712;255;219;176;255,219,176;#FFDBB0;0;14;31;0
713;255;207;150;255,207,150;#FFCF96;0;19;41;0
714;255;184;117;255,184,117;#FFB875;0;28;54;0
715;255;161;74;255,161,74;#FFA14A;0;37;71;0
716;255;135;23;255,135,23;#FF8717;0;47;91;0
717;250;112;0;250,112,0;#FA7000;0;55;100;2
718;235;99;0;235,99,0;#EB6300;0;58;100;8
719;255;230;191;255,230,191;#FFE6BF;0;10;25;0
720;252;215;167;252,215,167;#FCD7A7;0;15;34;1
721;247;188;119;247,188,119;#F7BC77;0;24;52;3
722;232;149;56;232,149,56;#E89538;0;36;76;9
723;212;116;11;212,116,11;#D4740B;0;45;95;17
724;161;76;0;161,76,0;#A14C00;0;53;100;37
725;130;59;0;130,59,0;#823B00;0;55;100;49
726;250;230;192;250,230,192;#FAE6C0;0;8;23;2
727;242;206;160;242,206,160;#F2CEA0;0;15;34;5
728;230;181;119;230,181,119;#E6B577;0;21;48;10
729;209;144;82;209,144,82;#D19052;0;31;61;18
730;181;110;43;181,110,43;#B56E2B;0;39;76;29
731;117;55;0;117,55,0;#753700;0;53;100;54
732;92;40;0;92,40,0;#5C2800;0;56;100;64
7401;255;245;209;255,245,209;#FFF5D1;0;4;18;0
7402;255;240;179;255,240,179;#FFF0B3;0;6;30;0
7403;255;230;128;255,230,128;#FFE680;0;10;50;0
7404;255;232;51;255,232,51;#FFE833;0;9;80;0
7405;255;230;0;255,230,0;#FFE600;0;10;100;0
7406;255;209;0;255,209,0;#FFD100;0;18;100;0
7407;227;177;34;227,177,34;#E3B122;0;22;85;11
7408;255;191;13;255,191,13;#FFBF0D;0;25;95;0
7409;255;179;13;255,179,13;#FFB30D;0;30;95;0
7410;255;179;115;255,179,115;#FFB373;0;30;55;0
7411;255;166;79;255,166,79;#FFA64F;0;35;69;0
7412;237;138;0;237,138,0;#ED8A00;0;42;100;7
7413;245;115;0;245,115,0;#F57300;0;53;100;4
7414;227;123;0;227,123,0;#E37B00;0;46;100;11
7415;255;209;217;255,209,217;#FFD1D9;0;18;15;0
7416;255;102;102;255,102,102;#FF6666;0;60;60;0
7417;255;64;64;255,64,64;#FF4040;0;75;75;0
7418;242;73;97;242,73,97;#F24961;0;70;60;5
7419;209;84;115;209,84,115;#D15473;0;60;45;18
7420;204;41;118;204,41,118;#CC2976;0;80;42;20
7421;99;0;70;99,0,70;#630046;0;100;30;61
7422;255;232;242;255,232,242;#FFE8F2;0;9;5;0
7423;255;115;199;255,115,199;#FF73C7;0;55;22;0
7424;255;64;179;255,64,179;#FF40B3;0;75;30;0
7425;237;24;166;237,24,166;#ED18A6;0;90;30;7
7426;209;0;115;209,0,115;#D10073;0;100;45;18
7427;184;0;64;184,0,64;#B80040;0;100;65;28
7428;115;23;63;115,23,63;#73173F;0;80;45;55
7429;255;209;247;255,209,247;#FFD1F7;0;18;3;0
7430;250;176;255;250,176,255;#FAB0FF;2;31;0;0
7431;242;150;237;242,150,237;#F296ED;0;38;2;5
7432;230;103;223;230,103,223;#E667DF;0;55;3;10
7433;217;54;184;217,54,184;#D936B8;0;75;15;15
7434;204;41;173;204,41,173;#CC29AD;0;80;15;20
7435;166;0;149;166,0,149;#A60095;0;100;10;35
7436;247;235;255;247,235,255;#F7EBFF;3;8;0;0
7437;240;204;255;240,204,255;#F0CCFF;6;20;0;0
7438;217;166;255;217,166,255;#D9A6FF;15;35;0;0
7439;204;166;255;204,166,255;#CCA6FF;20;35;0;0
7440;179;153;255;179,153,255;#B399FF;30;40;0;0
7441;163;128;255;163,128,255;#A380FF;36;50;0;0
7442;128;77;255;128,77,255;#804DFF;50;70;0;0
7443;240;242;255;240,242,255;#F0F2FF;6;5;0;0
7444;204;212;255;204,212,255;#CCD4FF;20;17;0;0
7445;173;198;247;173,198,247;#ADC6F7;30;20;0;3
7446;145;158;255;145,158,255;#919EFF;43;38;0;0
7447;83;87;207;83,87,207;#5357CF;60;58;0;19
7448;78;67;115;78,67,115;#4E4373;32;42;0;55
7449;39;0;32;39,0,32;#270020;72;100;77;46
7450;204;230;255;204,230,255;#CCE6FF;20;10;0;0
7451;153;201;255;153,201,255;#99C9FF;40;21;0;0
7452;128;173;255;128,173,255;#80ADFF;50;32;0;0
7453;128;189;255;128,189,255;#80BDFF;50;26;0;0
7454;115;174;230;115,174,230;#73AEE6;50;24;0;10
7455;51;120;255;51,120,255;#3378FF;80;53;0;0
7456;107;154;237;107,154,237;#6B9AED;55;35;0;7
7457;224;255;250;224,255,250;#E0FFFA;12;0;2;0
7458;144;240;228;144,240,228;#90F0E4;40;0;5;6
7459;95;222;209;95,222,209;#5FDED1;57;0;6;13
7460;0;242;242;0,242,242;#00F2F2;100;0;0;5
7461;56;184;255;56,184,255;#38B8FF;78;28;0;0
7462;0;115;230;0,115,230;#0073E6;100;50;0;10
7463;0;51;89;0,51,89;#003359;100;43;0;65
7464;191;255;230;191,255,230;#BFFFE6;25;0;10;0
7465;128;255;191;128,255,191;#80FFBF;50;0;25;0
7466;77;255;196;77,255,196;#4DFFC4;70;0;23;0
7467;13;255;191;13,255,191;#0DFFBF;95;0;25;0
7468;0;165;184;0,165,184;#00A5B8;100;10;0;28
7469;0;122;153;0,122,153;#007A99;100;20;0;40
7470;28;119;140;28,119,140;#1C778C;80;15;0;45
7471;184;255;219;184,255,219;#B8FFDB;28;0;14;0
7472;122;255;191;122,255,191;#7AFFBF;52;0;25;0
7473;70;235;145;70,235,145;#46EB91;70;0;38;8
7474;20;199;143;20,199,143;#14C78F;90;0;28;22
7475;89;179;134;89,179,134;#59B386;50;0;25;30
7476;0;102;58;0,102,58;#00663A;100;0;43;60
7477;16;82;73;16,82,73;#105249;80;0;10;68
7478;209;255;219;209,255,219;#D1FFDB;18;0;14;0
7479;115;255;128;115,255,128;#73FF80;55;0;50;0
7480;102;255;128;102,255,128;#66FF80;60;0;50;0
7481;102;255;115;102,255,115;#66FF73;60;0;55;0
7482;51;255;64;51,255,64;#33FF40;80;0;75;0
7483;17;115;0;17,115,0;#117300;85;0;100;55
7484;0;128;19;0,128,19;#008013;100;0;85;50
7485;240;255;230;240,255,230;#F0FFE6;6;0;10;0
7486;204;255;179;204,255,179;#CCFFB3;20;0;30;0
7487;179;255;140;179,255,140;#B3FF8C;30;0;45;0
7488;145;255;102;145,255,102;#91FF66;43;0;60;0
7489;95;237;47;95,237,47;#5FED2F;60;0;80;7
7490;91;166;33;91,166,33;#5BA621;45;0;80;35
7491;104;153;0;104,153,0;#689900;32;0;100;40
7492;209;237;119;209,237,119;#D1ED77;12;0;50;7
7493;197;230;147;197,230,147;#C5E693;14;0;36;10
7494;163;217;130;163,217,130;#A3D982;25;0;40;15
7495;134;179;36;134,179,36;#86B324;25;0;80;30
7496;95;158;0;95,158,0;#5F9E00;40;0;100;38
7497;115;134;57;115,134,57;#738639;40;30;70;25
7498;38;51;0;38,51,0;#263300;25;0;100;80
7499;255;250;217;255,250,217;#FFFAD9;0;2;15;0
7500;247;242;210;247,242,210;#F7F2D2;0;2;15;3
7501;240;230;192;240,230,192;#F0E6C0;0;4;20;6
7502;230;211;149;230,211,149;#E6D395;0;8;35;10
7503;191;168;124;191,168,124;#BFA87C;0;12;35;25
7504;153;115;84;153,115,84;#997354;0;25;45;40
7505;115;80;34;115,80,34;#735022;0;30;70;55
7506;255;242;217;255,242,217;#FFF2D9;0;5;15;0
7507;255;230;179;255,230,179;#FFE6B3;0;10;30;0
7508;245;208;147;245,208,147;#F5D093;0;15;40;4
7509;242;194;121;242,194,121;#F2C279;0;20;50;5
7510;227;159;64;227,159,64;#E39F40;0;30;72;11
7511;191;105;0;191,105,0;#BF6900;0;45;100;25
7512;171;92;0;171,92,0;#AB5C00;0;46;100;33
7513;247;203;178;247,203,178;#F7CBB2;0;18;28;3
7514;242;184;150;242,184,150;#F2B896;0;24;38;5
7515;224;146;112;224,146,112;#E09270;0;35;50;12
7516;166;80;0;166,80,0;#A65000;0;52;100;35
7517;143;57;0;143,57,0;#8F3900;0;60;100;44
7518;102;61;46;102,61,46;#663D2E;0;40;55;60
7519;66;53;0;66,53,0;#423500;50;60;100;48
7520;255;214;207;255,214,207;#FFD6CF;0;16;19;0
7521;230;172;184;230,172,184;#E6ACB8;0;25;20;10
7522;214;129;150;214,129,150;#D68196;0;40;30;16
7523;204;122;133;204,122,133;#CC7A85;0;40;35;20
7524;186;84;74;186,84,74;#BA544A;0;55;60;27
7525;179;98;89;179,98,89;#B36259;0;45;50;30
7526;166;58;0;166,58,0;#A63A00;0;65;100;35
7527;237;232;223;237,232,223;#EDE8DF;0;2;6;7
7528;230;223;207;230,223,207;#E6DFCF;0;3;10;10
7529;212;203;186;212,203,186;#D4CBBA;0;4;12;17
7530;173;160;137;173,160,137;#ADA089;0;8;21;32
7531;128;115;93;128,115,93;#80735D;0;10;27;50
7532;89;74;45;89,74,45;#594A2D;0;17;50;65
7533;38;30;6;38,30,6;#261E06;0;22;85;85
7534;230;225;211;230,225,211;#E6E1D3;0;2;8;10
7535;204;198;173;204,198,173;#CCC6AD;0;3;15;20
7536;173;166;135;173,166,135;#ADA687;0;4;22;32
7537;198;204;184;198,204,184;#C6CCB8;3;0;10;20
7538;162;179;155;162,179,155;#A2B39B;9;0;13;30
7539;160;163;149;160,163,149;#A0A395;2;0;9;36
7540;71;71;71;71,71,71;#474747;0;0;0;72
7541;237;242;242;237,242,242;#EDF2F2;2;0;0;5
7542;193;214;208;193,214,208;#C1D6D0;10;0;3;16
7543;166;179;179;166,179,179;#A6B3B3;7;0;0;30
7544;138;151;153;138,151,153;#8A9799;10;1;0;40
7545;73;92;94;73,92,94;#495C5E;23;2;0;63
7546;48;69;71;48,69,71;#304547;33;4;0;72
7547;10;15;15;10,15,15;#0A0F0F;35;4;0;94
Black;5;4;3;5,4,3;#050403;0;13;49;98
Yellow 2X;252;214;5;252,214,5;#FCD605;1;16;98;0
116 2X;255;145;5;255,145,5;#FF9105;0;43;98;0
130 2X;255;107;8;255,107,8;#FF6B08;0;58;97;0
165 2X;255;8;10;255,8,10;#FF080A;0;97;96;0
Warm Red 2X;255;3;13;255,3,13;#FF030D;0;99;95;0
1788 2X;252;0;10;252,0,10;#FC000A;1;100;96;0
185 2X;252;0;10;252,0,10;#FC000A;1;100;96;0
485 2X;252;0;10;252,0,10;#FC000A;1;100;96;0
Rubine Red 2X;245;0;208;245,0,208;#F500D0;0;100;15;4
Rhodamine Red 2X;247;28;255;247,28,255;#F71CFF;3;89;0;0
239 2X;232;0;161;232,0,161;#E800A1;9;100;37;0
Purple 2X;179;0;232;179,0,232;#B300E8;30;100;9;0
2592 2X;48;5;255;48,5,255;#3005FF;81;98;0;0
Violet 2X;0;0;252;0,0,252;#0000FC;100;100;1;0
Reflex Blue 2X;3;3;252;3,3,252;#0303FC;99;99;1;0
Process Blue 2X;0;150;255;0,150,255;#0096FF;100;41;0;0
299 2X;3;191;255;3,191,255;#03BFFF;99;25;0;0
306 2X;13;252;242;13,252,242;#0DFCF2;95;1;5;0
320 2X;0;204;191;0,204,191;#00CCBF;100;20;25;0
327 2X;2;168;10;2,168,10;#02A80A;99;32;96;3
Green 2X;0;252;28;0,252,28;#00FC1C;100;1;89;0
354 2X;5;255;5;5,255,5;#05FF05;98;0;98;0
368 2X;28;252;3;28,252,3;#1CFC03;89;1;99;0
375 2X;56;255;0;56,255,0;#38FF00;78;0;100;0
382 2X;156;252;3;156,252,3;#9CFC03;39;1;99;0
471 2X;204;31;5;204,31,5;#CC1F05;20;88;98;0
464 2X;128;48;7;128,48,7;#803007;47;80;97;5
433 2X;12;21;24;12,21,24;#0C1518;84;73;69;70
Black 2;0;0;0;0,0,0;#000000;0;0;30;100
Black 3;0;0;0;0,0,0;#000000;69;0;43;100
Black 4;0;0;0;0,0,0;#000000;0;27;91;100
Black 5;0;0;0;0,0,0;#000000;0;38;0;100
Black 6;0;0;0;0,0,0;#000000;100;38;0;100
Black 7;33;33;30;33,33,30;#21211E;0;0;11;87
Black 2 2X;13;22;23;13,22,23;#0D1617;83;71;70;70
Black 3 2X;14;22;25;14,22,25;#0E1619;83;73;69;68
Black 4 2X;14;22;22;14,22,22;#0E1616;81;70;70;71
Black 5 2X;15;19;24;15,19,24;#0F1318;82;77;72;67
Black 6 2X;11;20;22;11,20,22;#0B1416;84;72;69;72
Black 7 2X;37;50;48;37,50,48;#253230;76;68;69;39
801;23;255;227;23,255,227;#17FFE3;91;0;11;0
802;107;255;5;107,255,5;#6BFF05;58;0;98;0
803;252;232;31;252,232,31;#FCE81F;1;9;88;0
804;255;89;20;255,89,20;#FF5914;0;65;92;0
805;255;33;56;255,33,56;#FF2138;0;87;78;0
806;250;15;150;250,15,150;#FA0F96;2;94;41;0
807;230;10;235;230,10,235;#E60AEB;10;96;8;0
801 2X;3;224;245;3,224,245;#03E0F5;99;12;4;0
802 2X;64;255;3;64,255,3;#40FF03;75;0;99;0
803 2X;255;196;8;255,196,8;#FFC408;0;23;97;0
804 2X;255;54;10;255,54,10;#FF360A;0;79;96;0
805 2X;255;15;20;255,15,20;#FF0F14;0;94;92;0
806 2X;252;8;122;252,8,122;#FC087A;1;97;52;0
807 2X;219;3;247;219,3,247;#DB03F7;14;99;3;0
808;38;255;122;38,255,122;#26FF7A;85;0;52;0
809;232;247;15;232,247,15;#E8F70F;9;3;94;0
810;255;173;15;255,173,15;#FFAD0F;0;32;94;0
811;255;46;20;255,46,20;#FF2E14;0;82;92;0
812;255;15;115;255,15,115;#FF0F73;0;94;55;0
813;235;13;201;235,13,201;#EB0DC9;8;95;21;0
814;64;105;255;64,105,255;#4069FF;75;59;0;0
808 2X;10;255;71;10,255,71;#0AFF47;96;0;72;0
809 2X;230;237;8;230,237,8;#E6ED08;10;7;97;0
810 2X;255;148;13;255,148,13;#FF940D;0;42;95;0
811 2X;255;26;10;255,26,10;#FF1A0A;0;90;96;0
812 2X;255;8;59;255,8,59;#FF083B;0;97;77;0
813 2X;237;5;204;237,5,204;#ED05CC;7;98;20;0
814 2X;48;71;255;48,71,255;#3047FF;81;72;0;0
